{
    "algorithm": "mle",
    "runtime": 61.9597282409668,
    "N_MCMC": 10000,
    "n_shuffle": 2,
    "burn_in": 500,
    "thinning": 1,
    "healthy_ratio": 0.21349862258953167,
    "max_log_likelihood": -61843.24042714959,
    "kendalls_tau": null,
    "p_value": null,
    "mean_absolute_error": null,
    "current_pi": [
        0.21432615317569206,
        0.021465830760873064,
        0.00713842044062929,
        0.04698884605950185,
        0.13185446712586335,
        0.0063744977420696685,
        0.18026214012488756,
        0.005048871542061591,
        0.08363693835830377,
        0.010545056301789283,
        0.00932405647983237,
        0.2830347218884962
    ],
    "updated_pi": [
        0.21349862258953167,
        0.16856781468776882,
        0.016882905460686666,
        0.005614377509089979,
        0.03695679214872666,
        0.10370372001221484,
        0.005013551254437715,
        0.14177642150318293,
        0.003970944422199956,
        0.06578056722120035,
        0.00829370130622821,
        0.007333383264441162,
        0.2226071986202911
    ],
    "true_order": null,
    "order_with_highest_ll": {
        "ABETA": 5,
        "ADAS13": 4,
        "Entorhinal": 8,
        "Fusiform": 11,
        "Hippocampus": 9,
        "MMSE": 2,
        "MidTemp": 10,
        "PTAU": 6,
        "RAVLT_immediate": 3,
        "TAU": 7,
        "Ventricles": 1,
        "WholeBrain": 12
    },
    "true_stages": null,
    "ml_stages": [
        9,
        4,
        0,
        9,
        0,
        0,
        4,
        7,
        5,
        0,
        12,
        0,
        12,
        0,
        9,
        1,
        7,
        0,
        0,
        0,
        12,
        12,
        12,
        12,
        0,
        1,
        7,
        12,
        12,
        0,
        0,
        5,
        5,
        1,
        1,
        12,
        1,
        0,
        0,
        12,
        12,
        12,
        5,
        9,
        0,
        0,
        9,
        1,
        1,
        7,
        12,
        5,
        1,
        7,
        7,
        12,
        12,
        0,
        0,
        12,
        12,
        12,
        0,
        1,
        1,
        12,
        4,
        0,
        7,
        7,
        4,
        0,
        4,
        5,
        5,
        7,
        5,
        0,
        7,
        0,
        12,
        12,
        9,
        11,
        1,
        12,
        12,
        12,
        0,
        12,
        0,
        9,
        7,
        12,
        4,
        7,
        1,
        0,
        1,
        9,
        5,
        7,
        0,
        12,
        0,
        5,
        4,
        12,
        0,
        0,
        12,
        0,
        1,
        7,
        0,
        0,
        12,
        1,
        0,
        12,
        12,
        2,
        7,
        0,
        5,
        0,
        0,
        9,
        12,
        12,
        1,
        0,
        12,
        12,
        12,
        0,
        0,
        0,
        4,
        0,
        12,
        12,
        12,
        1,
        5,
        7,
        4,
        12,
        1,
        12,
        1,
        7,
        0,
        9,
        0,
        0,
        0,
        7,
        12,
        12,
        12,
        1,
        12,
        0,
        12,
        12,
        5,
        12,
        0,
        9,
        9,
        1,
        5,
        5,
        11,
        12,
        1,
        5,
        12,
        12,
        7,
        5,
        5,
        12,
        1,
        12,
        7,
        12,
        1,
        12,
        12,
        0,
        7,
        7,
        0,
        12,
        12,
        0,
        1,
        12,
        0,
        5,
        12,
        12,
        12,
        7,
        3,
        12,
        7,
        1,
        12,
        0,
        9,
        0,
        0,
        0,
        12,
        4,
        7,
        12,
        7,
        5,
        12,
        12,
        12,
        12,
        5,
        1,
        2,
        1,
        12,
        12,
        12,
        7,
        12,
        7,
        9,
        12,
        12,
        12,
        12,
        7,
        6,
        12,
        5,
        12,
        0,
        7,
        0,
        7,
        12,
        1,
        12,
        0,
        12,
        12,
        12,
        9,
        12,
        7,
        12,
        9,
        5,
        12,
        5,
        12,
        9,
        12,
        4,
        5,
        12,
        12,
        5,
        12,
        0,
        0,
        12,
        7,
        1,
        1,
        0,
        1,
        7,
        7,
        0,
        0,
        1,
        0,
        0,
        7,
        8,
        1,
        10,
        7,
        7,
        2,
        1,
        0,
        1,
        7,
        1,
        1,
        1,
        7,
        12,
        1,
        7,
        12,
        7,
        0,
        4,
        9,
        0,
        12,
        5,
        1,
        0,
        2,
        7,
        1,
        1,
        12,
        1,
        0,
        1,
        1,
        7,
        0,
        7,
        0,
        5,
        0,
        0,
        12,
        7,
        0,
        2,
        7,
        0,
        4,
        1,
        12,
        12,
        12,
        12,
        7,
        9,
        9,
        5,
        12,
        7,
        5,
        7,
        0,
        9,
        12,
        9,
        7,
        12,
        7,
        12,
        7,
        7,
        12,
        1,
        7,
        12,
        11,
        7,
        12,
        12,
        0,
        4,
        12,
        12,
        12,
        7,
        7,
        9,
        12,
        12,
        5,
        5,
        5,
        12,
        7,
        5,
        1,
        0,
        12,
        12,
        5,
        12,
        9,
        5,
        9,
        0,
        5,
        0,
        4,
        12,
        12,
        7,
        7,
        12,
        12,
        9,
        0,
        12,
        7,
        1,
        9,
        7,
        12,
        1,
        5,
        12,
        7,
        7,
        6,
        0,
        7,
        7,
        0,
        12,
        0,
        5,
        0,
        0,
        0,
        7,
        12,
        1,
        1,
        1,
        12,
        12,
        1,
        12,
        1,
        1,
        4,
        12,
        12,
        0,
        7,
        1,
        1,
        12,
        9,
        1,
        1,
        1,
        5,
        5,
        9,
        12,
        5,
        12,
        7,
        2,
        5,
        5,
        12,
        9,
        12,
        9,
        0,
        0,
        1,
        12,
        5,
        12,
        7,
        12,
        0,
        12,
        1,
        0,
        12,
        0,
        1,
        7,
        0,
        0,
        0,
        5,
        0,
        1,
        0,
        1,
        1,
        5,
        7,
        1,
        7,
        0,
        12,
        12,
        1,
        9,
        0,
        1,
        1,
        0,
        7,
        0,
        5,
        0,
        12,
        0,
        0,
        0,
        2,
        12,
        5,
        0,
        0,
        9,
        7,
        3,
        0,
        1,
        0,
        5,
        0,
        9,
        10,
        0,
        7,
        0,
        9,
        0,
        7,
        1,
        12,
        12,
        12,
        12,
        9,
        0,
        0,
        12,
        7,
        0,
        12,
        0,
        7,
        1,
        1,
        0,
        1,
        5,
        5,
        5,
        7,
        1,
        0,
        7,
        1,
        4,
        1,
        12,
        1,
        5,
        2,
        5,
        0,
        0,
        0,
        12,
        9,
        0,
        5,
        7,
        0,
        0,
        12,
