{
    "algorithm": "mle",
    "runtime": 62.20535755157471,
    "N_MCMC": 10000,
    "n_shuffle": 2,
    "burn_in": 500,
    "thinning": 1,
    "healthy_ratio": 0.21349862258953167,
    "max_log_likelihood": -54072.137344139235,
    "kendalls_tau": null,
    "p_value": null,
    "mean_absolute_error": null,
    "current_pi": [
        0.19559340449309412,
        0.048653278016183736,
        0.03672608348530998,
        0.04673088754470054,
        0.047936213989670864,
        0.008060342937621597,
        0.2417606381005054,
        0.006016929806972384,
        0.06014962052844013,
        0.005151929248903156,
        0.017217009594376186,
        0.2860036622542219
    ],
    "updated_pi": [
        0.21349862258953167,
        0.1538344820462214,
        0.038265870175262964,
        0.028885115248088154,
        0.036753907421520675,
        0.037701898330719096,
        0.006339470822840127,
        0.19014507486968124,
        0.004732323580965883,
        0.04730775939633514,
        0.004051999450583612,
        0.01354120176086612,
        0.2249422743073839
    ],
    "true_order": null,
    "order_with_highest_ll": {
        "ABETA": 5,
        "ADAS13": 4,
        "Entorhinal": 8,
        "Fusiform": 11,
        "Hippocampus": 9,
        "MMSE": 2,
        "MidTemp": 10,
        "PTAU (log)": 7,
        "RAVLT_immediate": 3,
        "TAU (log)": 6,
        "Ventricles": 1,
        "WholeBrain": 12
    },
    "true_stages": null,
    "ml_stages": [
        9,
        0,
        0,
        9,
        0,
        0,
        2,
        7,
        4,
        0,
        12,
        0,
        12,
        0,
        7,
        0,
        7,
        1,
        1,
        3,
        12,
        12,
        12,
        12,
        0,
        1,
        7,
        12,
        12,
        1,
        1,
        3,
        5,
        1,
        0,
        12,
        0,
        0,
        1,
        12,
        12,
        12,
        5,
        7,
        0,
        1,
        9,
        1,
        5,
        7,
        12,
        12,
        0,
        7,
        7,
        12,
        12,
        7,
        0,
        12,
        9,
        9,
        0,
        0,
        1,
        12,
        1,
        0,
        7,
        7,
        4,
        0,
        3,
        7,
        5,
        7,
        7,
        0,
        7,
        1,
        12,
        12,
        11,
        12,
        0,
        12,
        12,
        12,
        4,
        12,
        0,
        8,
        7,
        12,
        3,
        7,
        1,
        1,
        2,
        7,
        3,
        7,
        0,
        12,
        0,
        5,
        3,
        12,
        1,
        1,
        12,
        0,
        0,
        7,
        0,
        1,
        12,
        7,
        0,
        12,
        12,
        1,
        7,
        0,
        7,
        0,
        1,
        9,
        12,
        12,
        1,
        0,
        12,
        12,
        12,
        1,
        1,
        0,
        4,
        0,
        12,
        1,
        12,
        0,
        9,
        7,
        4,
        12,
        1,
        12,
        0,
        12,
        0,
        9,
        0,
        1,
        7,
        7,
        12,
        5,
        12,
        1,
        12,
        1,
        7,
        12,
        5,
        12,
        1,
        9,
        11,
        0,
        5,
        7,
        0,
        12,
        0,
        3,
        12,
        12,
        7,
        7,
        7,
        12,
        1,
        12,
        7,
        12,
        1,
        12,
        1,
        0,
        7,
        12,
        1,
        12,
        12,
        0,
        0,
        12,
        0,
        8,
        12,
        12,
        12,
        1,
        4,
        9,
        7,
        0,
        12,
        0,
        9,
        0,
        0,
        7,
        12,
        3,
        7,
        12,
        11,
        5,
        12,
        10,
        12,
        4,
        5,
        1,
        5,
        4,
        12,
        12,
        12,
        0,
        12,
        7,
        12,
        12,
        12,
        12,
        12,
        7,
        11,
        12,
        5,
        12,
        0,
        7,
        0,
        7,
        12,
        0,
        7,
        1,
        12,
        12,
        12,
        0,
        12,
        12,
        12,
        9,
        2,
        12,
        12,
        12,
        9,
        12,
        4,
        4,
        12,
        12,
        7,
        12,
        0,
        5,
        12,
        7,
        2,
        0,
        1,
        1,
        7,
        7,
        0,
        0,
        0,
        1,
        1,
        7,
        7,
        0,
        12,
        7,
        7,
        2,
        0,
        0,
        0,
        7,
        0,
        0,
        0,
        7,
        7,
        0,
        7,
        12,
        7,
        0,
        4,
        9,
        1,
        12,
        5,
        0,
        0,
        1,
        7,
        0,
        0,
        12,
        4,
        7,
        0,
        0,
        1,
        0,
        7,
        2,
        0,
        0,
        0,
        12,
        7,
        0,
        1,
        7,
        0,
        4,
        0,
        12,
        12,
        12,
        11,
        7,
        9,
        12,
        5,
        12,
        7,
        3,
        7,
        0,
        9,
        12,
        9,
        7,
        12,
        7,
        12,
        7,
        7,
        12,
        1,
        7,
        12,
        12,
        7,
        12,
        12,
        0,
        2,
        12,
        12,
        12,
        7,
        7,
        9,
        12,
        12,
        5,
        5,
        3,
        12,
        5,
        7,
        7,
        0,
        12,
        7,
        5,
        12,
        9,
        7,
        9,
        1,
        0,
        0,
        4,
        12,
        12,
        0,
        7,
        12,
        12,
        9,
        1,
        12,
        7,
        3,
        9,
        10,
        12,
        0,
        7,
        12,
        7,
        7,
        7,
        0,
        7,
        7,
        0,
        12,
        1,
        7,
        1,
        1,
        0,
        7,
        12,
        0,
        1,
        1,
        12,
        11,
        0,
        12,
        3,
        0,
        0,
        12,
        12,
        0,
        7,
        1,
        0,
        12,
        8,
        1,
        1,
        1,
        7,
        4,
        9,
        12,
        5,
        9,
        7,
        3,
        7,
        5,
        12,
        9,
        12,
        9,
        12,
        1,
        0,
        12,
        7,
        12,
        7,
        12,
        7,
        12,
        0,
        0,
        12,
        0,
        0,
        0,
        0,
        1,
        0,
        7,
        0,
        1,
        0,
        0,
        0,
        5,
        7,
        1,
        7,
        1,
        12,
        12,
        1,
        7,
        0,
        3,
        3,
        0,
        7,
        1,
        7,
        0,
        12,
        0,
        0,
        1,
        2,
        12,
        7,
        2,
        0,
        0,
        7,
        3,
        0,
        0,
        0,
        7,
        0,
        12,
        9,
        3,
        7,
        1,
        9,
        2,
        7,
        0,
        9,
        12,
        12,
        12,
        9,
        1,
        1,
        11,
        7,
        1,
        11,
        7,
        0,
        0,
        1,
        0,
        0,
        7,
        7,
        1,
        7,
        0,
        0,
        1,
        4,
        4,
        0,
        12,
        2,
        4,
        5,
        5,
        0,
        0,
        0,
        12,
        9,
        1,
        7,
        7,
        1,
        2,
