{
    "algorithm": "conjugate_priors",
    "runtime": 103.53830599784851,
    "N_MCMC": 20000,
    "n_shuffle": 2,
    "burn_in": 500,
    "thinning": 1,
    "healthy_ratio": 0.21349862258953167,
    "max_log_likelihood": 782.3394143326888,
    "kendalls_tau": null,
    "p_value": null,
    "mean_absolute_error": null,
    "current_pi": [
        0.26489163053369474,
        0.00469349783190852,
        0.03175226495661258,
        0.0479131243977951,
        0.017482765440514993,
        0.043168288342368064,
        0.07488765120188481,
        0.004661813920351654,
        0.10725070651708062,
        0.011032941644507112,
        0.0013299096575364946,
        0.39093540555574524
    ],
    "updated_pi": [
        0.21349862258953167,
        0.20833763227925578,
        0.003691442509669098,
        0.02497320012427794,
        0.03768373833490496,
        0.013750219099909176,
        0.03395191824172474,
        0.05889924082131712,
        0.003666523069587871,
        0.0843528284039298,
        0.008677423800294161,
        0.0010459757774839372,
        0.3074712349481137
    ],
    "true_order": null,
    "order_with_highest_ll": {
        "ABETA": 4,
        "ADAS13": 7,
        "EntorhinalNorm": 8,
        "FusiformNorm": 11,
        "HippocampusNorm": 9,
        "MMSE": 5,
        "MidTempNorm": 10,
        "PTAU": 2,
        "RAVLT_immediate": 6,
        "TAU": 3,
        "VentricleNorm": 1,
        "WholeBrainNorm": 12
    },
    "true_stages": null,
    "ml_stages": [
        12,
        1,
        4,
        9,
        0,
        1,
        0,
        12,
        7,
        1,
        12,
        0,
        12,
        1,
        9,
        1,
        12,
        1,
        1,
        0,
        12,
        12,
        12,
        12,
        0,
        0,
        6,
        12,
        12,
        1,
        1,
        12,
        12,
        0,
        1,
        12,
        0,
        0,
        0,
        12,
        12,
        12,
        12,
        9,
        0,
        0,
        12,
        1,
        1,
        12,
        12,
        12,
        0,
        12,
        9,
        12,
        12,
        0,
        0,
        12,
        12,
        12,
        0,
        0,
        1,
        12,
        0,
        3,
        12,
        12,
        12,
        3,
        7,
        5,
        0,
        12,
        12,
        0,
        9,
        0,
        12,
        12,
        12,
        9,
        0,
        12,
        12,
        12,
        0,
        4,
        0,
        9,
        12,
        12,
        12,
        6,
        1,
        1,
        1,
        12,
        6,
        12,
        0,
        12,
        12,
        12,
        0,
        12,
        0,
        1,
        12,
        0,
        0,
        12,
        0,
        0,
        12,
        1,
        0,
        12,
        12,
        12,
        1,
        1,
        7,
        1,
        1,
        12,
        12,
        12,
        0,
        0,
        12,
        12,
        12,
        0,
        0,
        1,
        12,
        0,
        12,
        3,
        12,
        0,
        12,
        4,
        12,
        12,
        12,
        12,
        1,
        9,
        0,
        9,
        0,
        1,
        3,
        5,
        12,
        6,
        1,
        0,
        4,
        1,
        5,
        12,
        12,
        12,
        0,
        12,
        12,
        0,
        12,
        12,
        0,
        12,
        0,
        12,
        12,
        12,
        12,
        12,
        12,
        12,
        1,
        9,
        7,
        9,
        0,
        12,
        3,
        0,
        9,
        6,
        0,
        12,
        12,
        1,
        0,
        12,
        0,
        9,
        12,
        12,
        12,
        3,
        0,
        9,
        5,
        0,
        12,
        0,
        12,
        1,
        0,
        12,
        12,
        12,
        12,
        12,
        12,
        12,
        12,
        12,
        12,
        12,
        12,
        0,
        5,
        0,
        12,
        12,
        12,
        4,
        12,
        7,
        10,
        4,
        12,
        12,
        12,
        12,
        12,
        12,
        12,
        12,
        1,
        4,
        12,
        7,
        12,
        0,
        12,
        0,
        12,
        12,
        12,
        3,
        12,
        12,
        12,
        12,
        12,
        12,
        12,
        12,
        12,
        12,
        12,
        9,
        12,
        12,
        12,
        12,
        0,
        0,
        4,
        12,
        0,
        1,
        12,
        0,
        6,
        4,
        1,
        0,
        0,
        0,
        0,
        7,
        9,
        3,
        7,
        6,
        6,
        6,
        0,
        1,
        0,
        9,
        1,
        0,
        0,
        4,
        7,
        0,
        3,
        12,
        4,
        1,
        12,
        9,
        0,
        0,
        1,
        4,
        0,
        1,
        6,
        1,
        1,
        6,
        1,
        9,
        1,
        0,
        3,
        1,
        9,
        0,
        1,
        1,
        0,
        4,
        9,
        1,
        4,
        9,
        0,
        7,
        1,
        9,
        12,
        12,
        12,
        12,
        12,
        12,
        12,
        12,
        12,
        5,
        12,
        3,
        12,
        9,
        12,
        7,
        12,
        4,
        12,
        7,
        5,
        10,
        1,
        12,
        12,
        12,
        7,
        12,
        12,
        0,
        12,
        12,
        12,
        12,
        3,
        4,
        12,
        9,
        9,
        7,
        0,
        1,
        12,
        6,
        7,
        4,
        0,
        12,
        9,
        7,
        12,
        0,
        12,
        9,
        1,
        1,
        1,
        9,
        12,
        9,
        4,
        12,
        10,
        1,
        12,
        0,
        12,
        4,
        0,
        9,
        12,
        9,
        1,
        6,
        7,
        9,
        4,
        7,
        1,
        9,
        7,
        0,
        12,
        1,
        6,
        1,
        1,
        0,
        3,
        7,
        1,
        1,
        0,
        4,
        9,
        1,
        12,
        0,
        1,
        1,
        9,
        12,
        4,
        7,
        0,
        1,
        12,
        9,
        1,
        1,
        0,
        12,
        12,
        12,
        12,
        1,
        8,
        7,
        0,
        7,
        12,
        12,
        12,
        9,
        9,
        1,
        0,
        0,
        9,
        6,
        12,
        6,
        9,
        1,
        12,
        1,
        0,
        3,
        0,
        0,
        3,
        0,
        0,
        0,
        5,
        0,
        0,
        0,
        0,
        1,
        0,
        12,
        0,
        12,
        1,
        7,
        12,
        1,
        7,
        0,
        6,
        0,
        0,
        12,
        0,
        12,
        1,
        12,
        1,
        1,
        0,
        6,
        12,
        7,
        0,
        0,
        12,
        6,
        1,
        1,
        1,
        0,
        10,
        0,
        9,
        12,
        0,
        12,
        1,
        9,
        1,
        4,
        1,
        6,
        12,
        9,
        12,
        9,
        0,
        1,
        12,
        3,
        0,
        12,
        12,
        5,
        0,
        1,
        0,
        0,
        12,
        9,
        0,
        4,
        1,
        0,
        4,
        1,
        1,
        12,
        12,
        1,
        12,
        1,
        9,
        3,
        0,
        1,
