{
    "algorithm": "ucl_gmm",
    "runtime": 1.0371005535125732,
    "N_MCMC": 200,
    "NStartpoints": 10,
    "NIterations": 1000,
    "kendalls_tau": 0.3333333333333333,
    "p_value": 0.21637345679012346,
    "quadratic_weighted_kappa": -0.05455261209836482,
    "mean_absolute_error": 3.945,
    "mean_squared_error": 24.645,
    "root_mean_squared_error": 4.964373072201565,
    "quadratic_weighted_kappa_diseased": -0.05455261209836482,
    "mean_absolute_error_diseased": 3.945,
    "mean_squared_error_diseased": 24.645,
    "root_mean_squared_error_diseased": 4.964373072201565,
    "true_order": {
        "PCC-FCI": 1,
        "P-Tau": 2,
        "MMSE": 3,
        "HIP-GMI": 4,
        "AB": 5,
        "AVLT-Sum": 6,
        "FUS-GMI": 7,
        "FUS-FCI": 8,
        "ADAS": 9,
        "HIP-FCI": 10
    },
    "ml_order": {
        "PCC-FCI": 4,
        "P-Tau": 2,
        "MMSE": 8,
        "HIP-GMI": 3,
        "AB": 5,
        "AVLT-Sum": 10,
        "FUS-GMI": 1,
        "FUS-FCI": 6,
        "ADAS": 7,
        "HIP-FCI": 9
    },
    "ml_order_raw": [
        3,
        1,
        7,
        2,
        4,
        9,
        0,
        5,
        6,
        8
    ],
    "true_stages": [
        0,
        6,
        9,
        3,
        9,
        6,
        8,
        5,
        5,
        8,
        7,
        8,
        7,
        8,
        8,
        8,
        0,
        7,
        8,
        9,
        0,
        0,
        8,
        6,
        8,
        0,
        6,
        6,
        9,
        0,
        8,
        0,
        8,
        6,
        7,
        0,
        0,
        6,
        8,
        8,
        6,
        8,
        0,
        7,
        6,
        7,
        0,
        7,
        0,
        0,
        7,
        7,
        3,
        7,
        8,
        5,
        7,
        7,
        6,
        6,
        7,
        8,
        4,
        7,
        8,
        3,
        0,
        7,
        0,
        8,
        9,
        7,
        0,
        3,
        7,
        8,
        5,
        5,
        7,
        7,
        0,
        7,
        6,
        6,
        9,
        9,
        6,
        6,
        5,
        8,
        7,
        6,
        8,
        5,
        7,
        5,
        7,
        0,
        0,
        8,
        3,
        5,
        5,
        6,
        0,
        0,
        4,
        7,
        0,
        5,
        9,
        8,
        8,
        9,
        5,
        0,
        0,
        6,
        0,
        8,
        0,
        9,
        6,
        0,
        9,
        9,
        5,
        8,
        7,
        9,
        0,
        6,
        8,
        7,
        6,
        7,
        5,
        0,
        7,
        7,
        7,
        9,
        0,
        0,
        0,
        0,
        0,
        9,
        0,
        0,
        8,
        4,
        7,
        8,
        0,
        4,
        4,
        6,
        0,
        5,
        0,
        0,
        0,
        5,
        6,
        0,
        8,
        5,
        0,
        6,
        0,
        7,
        7,
        7,
        5,
        0,
        5,
        8,
        8,
        6,
        6,
        6,
        8,
        9,
        4,
        0,
        0,
        0,
        7,
        7,
        8,
        9,
        5,
        7,
        0,
        5,
        9,
        8,
        0,
        7
    ],
    "ml_stages": [
        9,
        6,
        8,
        9,
        5,
        8,
        9,
        1,
        9,
        9,
        7,
        0,
        6,
        10,
        6,
        2,
        1,
        8,
        0,
        9,
        10,
        7,
        10,
        0,
        6,
        7,
        4,
        8,
        10,
        4,
        1,
        8,
        8,
        5,
        2,
        10,
        9,
        7,
        8,
        6,
        9,
        7,
        10,
        10,
        2,
        8,
        4,
        0,
        0,
        7,
        8,
        6,
        1,
        7,
        6,
        6,
        0,
        2,
        10,
        10,
        10,
        8,
        7,
        8,
        10,
        5,
        0,
        0,
        7,
        10,
        9,
        4,
        10,
        1,
        6,
        10,
        1,
        3,
        8,
        10,
        6,
        7,
        0,
        10,
        8,
        1,
        7,
        10,
        9,
        2,
        4,
        0,
        10,
        9,
        7,
        10,
        6,
        6,
        7,
        0,
        1,
        8,
        1,
        10,
        7,
        4,
        5,
        8,
        4,
        9,
        2,
        9,
        0,
        7,
        1,
        4,
        9,
        1,
        10,
        6,
        9,
        0,
        1,
        9,
        6,
        0,
        10,
        10,
        9,
        0,
        9,
        0,
        8,
        5,
        7,
        7,
        6,
        8,
        10,
        9,
        8,
        9,
        10,
        0,
        9,
        10,
        0,
        10,
        10,
        9,
        6,
        7,
        1,
        10,
        8,
        7,
        8,
        0,
        0,
        9,
        6,
        9,
        2,
        0,
        0,
        10,
        0,
        9,
        9,
        0,
        1,
        4,
        1,
        9,
        7,
        6,
        10,
        9,
        8,
        4,
        4,
        8,
        9,
        10,
        5,
        9,
        5,
        8,
        9,
        8,
        10,
        7,
        1,
        0,
        7,
        9,
        6,
        2,
        9,
        6
    ],
    "true_stages_diseased": [
        0,
        6,
        9,
        3,
        9,
        6,
        8,
        5,
        5,
        8,
        7,
        8,
        7,
        8,
        8,
        8,
        0,
        7,
        8,
        9,
        0,
        0,
        8,
        6,
        8,
        0,
        6,
        6,
        9,
        0,
        8,
        0,
        8,
        6,
        7,
        0,
        0,
        6,
        8,
        8,
        6,
        8,
        0,
        7,
        6,
        7,
        0,
        7,
        0,
        0,
        7,
        7,
        3,
        7,
        8,
        5,
        7,
        7,
        6,
        6,
        7,
        8,
        4,
        7,
        8,
        3,
        0,
        7,
        0,
        8,
        9,
        7,
        0,
        3,
        7,
        8,
        5,
        5,
        7,
        7,
        0,
        7,
        6,
        6,
        9,
        9,
        6,
        6,
        5,
        8,
        7,
        6,
        8,
        5,
        7,
        5,
        7,
        0,
        0,
        8,
        3,
        5,
        5,
        6,
        0,
        0,
        4,
        7,
        0,
        5,
        9,
        8,
        8,
        9,
        5,
        0,
        0,
        6,
        0,
        8,
        0,
        9,
        6,
        0,
        9,
        9,
        5,
        8,
        7,
        9,
        0,
        6,
        8,
        7,
        6,
        7,
        5,
        0,
        7,
        7,
        7,
        9,
        0,
        0,
        0,
        0,
        0,
        9,
        0,
        0,
        8,
        4,
        7,
        8,
        0,
        4,
        4,
        6,
        0,
        5,
        0,
        0,
        0,
        5,
        6,
        0,
        8,
        5,
        0,
        6,
        0,
        7,
        7,
        7,
        5,
        0,
        5,
        8,
        8,
        6,
        6,
        6,
        8,
        9,
        4,
        0,
        0,
        0,
        7,
        7,
        8,
        9,
        5,
        7,
        0,
        5,
        9,
        8,
        0,
        7
    ],