{
    "algorithm": "ucl_kde",
    "runtime": 1.0598180294036865,
    "N_MCMC": 200,
    "NStartpoints": 10,
    "NIterations": 1000,
    "kendalls_tau": 0.4222222222222222,
    "p_value": 0.10831349206349207,
    "quadratic_weighted_kappa": -0.07091248134070338,
    "mean_absolute_error": 3.755,
    "mean_squared_error": 22.455,
    "root_mean_squared_error": 4.738670699679394,
    "quadratic_weighted_kappa_diseased": -0.07091248134070338,
    "mean_absolute_error_diseased": 3.755,
    "mean_squared_error_diseased": 22.455,
    "root_mean_squared_error_diseased": 4.738670699679394,
    "true_order": {
        "PCC-FCI": 1,
        "P-Tau": 2,
        "MMSE": 3,
        "HIP-GMI": 4,
        "AB": 5,
        "AVLT-Sum": 6,
        "FUS-GMI": 7,
        "FUS-FCI": 8,
        "ADAS": 9,
        "HIP-FCI": 10
    },
    "ml_order": {
        "PCC-FCI": 2,
        "P-Tau": 4,
        "MMSE": 5,
        "HIP-GMI": 3,
        "AB": 8,
        "AVLT-Sum": 10,
        "FUS-GMI": 1,
        "FUS-FCI": 6,
        "ADAS": 7,
        "HIP-FCI": 9
    },
    "ml_order_raw": [
        1,
        3,
        4,
        2,
        7,
        9,
        0,
        5,
        6,
        8
    ],
    "true_stages": [
        0,
        6,
        9,
        3,
        9,
        6,
        8,
        5,
        5,
        8,
        7,
        8,
        7,
        8,
        8,
        8,
        0,
        7,
        8,
        9,
        0,
        0,
        8,
        6,
        8,
        0,
        6,
        6,
        9,
        0,
        8,
        0,
        8,
        6,
        7,
        0,
        0,
        6,
        8,
        8,
        6,
        8,
        0,
        7,
        6,
        7,
        0,
        7,
        0,
        0,
        7,
        7,
        3,
        7,
        8,
        5,
        7,
        7,
        6,
        6,
        7,
        8,
        4,
        7,
        8,
        3,
        0,
        7,
        0,
        8,
        9,
        7,
        0,
        3,
        7,
        8,
        5,
        5,
        7,
        7,
        0,
        7,
        6,
        6,
        9,
        9,
        6,
        6,
        5,
        8,
        7,
        6,
        8,
        5,
        7,
        5,
        7,
        0,
        0,
        8,
        3,
        5,
        5,
        6,
        0,
        0,
        4,
        7,
        0,
        5,
        9,
        8,
        8,
        9,
        5,
        0,
        0,
        6,
        0,
        8,
        0,
        9,
        6,
        0,
        9,
        9,
        5,
        8,
        7,
        9,
        0,
        6,
        8,
        7,
        6,
        7,
        5,
        0,
        7,
        7,
        7,
        9,
        0,
        0,
        0,
        0,
        0,
        9,
        0,
        0,
        8,
        4,
        7,
        8,
        0,
        4,
        4,
        6,
        0,
        5,
        0,
        0,
        0,
        5,
        6,
        0,
        8,
        5,
        0,
        6,
        0,
        7,
        7,
        7,
        5,
        0,
        5,
        8,
        8,
        6,
        6,
        6,
        8,
        9,
        4,
        0,
        0,
        0,
        7,
        7,
        8,
        9,
        5,
        7,
        0,
        5,
        9,
        8,
        0,
        7
    ],
    "ml_stages": [
        9,
        9,
        8,
        9,
        5,
        8,
        9,
        1,
        9,
        9,
        7,
        2,
        5,
        10,
        6,
        1,
        2,
        8,
        2,
        9,
        10,
        7,
        10,
        3,
        6,
        7,
        5,
        8,
        9,
        5,
        1,
        8,
        8,
        9,
        1,
        9,
        9,
        7,
        8,
        6,
        9,
        7,
        10,
        10,
        2,
        8,
        5,
        0,
        0,
        7,
        8,
        6,
        0,
        7,
        6,
        6,
        3,
        3,
        9,
        9,
        9,
        8,
        7,
        8,
        10,
        5,
        3,
        3,
        7,
        10,
        9,
        5,
        9,
        0,
        6,
        10,
        0,
        2,
        8,
        8,
        6,
        7,
        3,
        10,
        8,
        1,
        7,
        10,
        9,
        2,
        5,
        2,
        10,
        9,
        7,
        10,
        6,
        6,
        7,
        3,
        2,
        8,
        1,
        10,
        7,
        9,
        8,
        8,
        5,
        9,
        2,
        9,
        2,
        8,
        1,
        8,
        9,
        0,
        10,
        6,
        9,
        2,
        3,
        9,
        6,
        0,
        9,
        10,
        9,
        2,
        9,
        3,
        8,
        5,
        7,
        7,
        7,
        9,
        10,
        9,
        8,
        9,
        10,
        0,
        9,
        9,
        3,
        9,
        10,
        9,
        8,
        7,
        3,
        9,
        8,
        7,
        8,
        3,
        3,
        9,
        8,
        5,
        2,
        2,
        3,
        9,
        0,
        9,
        9,
        3,
        0,
        7,
        2,
        9,
        7,
        6,
        9,
        7,
        8,
        5,
        5,
        8,
        9,
        7,
        5,
        9,
        5,
        8,
        9,
        8,
        9,
        7,
        2,
        2,
        7,
        7,
        6,
        1,
        9,
        4
    ],
    "true_stages_diseased": [
        0,
        6,
        9,
        3,
        9,
        6,
        8,
        5,
        5,
        8,
        7,
        8,
        7,
        8,
        8,
        8,
        0,
        7,
        8,
        9,
        0,
        0,
        8,
        6,
        8,
        0,
        6,
        6,
        9,
        0,
        8,
        0,
        8,
        6,
        7,
        0,
        0,
        6,
        8,
        8,
        6,
        8,
        0,
        7,
        6,
        7,
        0,
        7,
        0,
        0,
        7,
        7,
        3,
        7,
        8,
        5,
        7,
        7,
        6,
        6,
        7,
        8,
        4,
        7,
        8,
        3,
        0,
        7,
        0,
        8,
        9,
        7,
        0,
        3,
        7,
        8,
        5,
        5,
        7,
        7,
        0,
        7,
        6,
        6,
        9,
        9,
        6,
        6,
        5,
        8,
        7,
        6,
        8,
        5,
        7,
        5,
        7,
        0,
        0,
        8,
        3,
        5,
        5,
        6,
        0,
        0,
        4,
        7,
        0,
        5,
        9,
        8,
        8,
        9,
        5,
        0,
        0,
        6,
        0,
        8,
        0,
        9,
        6,
        0,
        9,
        9,
        5,
        8,
        7,
        9,
        0,
        6,
        8,
        7,
        6,
        7,
        5,
        0,
        7,
        7,
        7,
        9,
        0,
        0,
        0,
        0,
        0,
        9,
        0,
        0,
        8,
        4,
        7,
        8,
        0,
        4,
        4,
        6,
        0,
        5,
        0,
        0,
        0,
        5,
        6,
        0,
        8,
        5,
        0,
        6,
        0,
        7,
        7,
        7,
        5,
        0,
        5,
        8,
        8,
        6,
        6,
        6,
        8,
        9,
        4,
        0,
        0,
        0,
        7,
        7,
        8,
        9,
        5,
        7,
        0,
        5,
        9,
        8,
        0,
        7
    ],