{
    "algorithm": "mle",
    "runtime": 114.10556507110596,
    "N_MCMC": 20000,
    "n_shuffle": 2,
    "burn_in": 500,
    "thinning": 1,
    "healthy_ratio": 0.21349862258953167,
    "max_log_likelihood": 781.9722628409734,
    "kendalls_tau": null,
    "p_value": null,
    "mean_absolute_error": null,
    "current_pi": [
        0.291459240714727,
        0.002580635112495577,
        0.017711583434616866,
        0.062236011659000674,
        0.014361709288408934,
        0.008564684781100902,
        0.08797756907614977,
        0.00634963435940513,
        0.08714667132485986,
        0.008059947572100306,
        0.012696432392677622,
        0.4008558802844573
    ],
    "updated_pi": [
        0.21349862258953167,
        0.22923309428114205,
        0.0020296730705715903,
        0.0139301847674466,
        0.04894870889433799,
        0.011295504137302344,
        0.006736136377422335,
        0.06919447925961641,
        0.004993996169724971,
        0.06854097703373964,
        0.006339159867313051,
        0.009985761565039837,
        0.3152737019868114
    ],
    "true_order": null,
    "order_with_highest_ll": {
        "ABETA": 4,
        "ADAS13": 7,
        "EntorhinalNorm": 8,
        "FusiformNorm": 10,
        "HippocampusNorm": 9,
        "MMSE": 5,
        "MidTempNorm": 11,
        "PTAU": 3,
        "RAVLT_immediate": 6,
        "TAU": 2,
        "VentricleNorm": 1,
        "WholeBrainNorm": 12
    },
    "true_stages": null,
    "ml_stages": [
        12,
        0,
        3,
        7,
        0,
        0,
        1,
        12,
        1,
        0,
        12,
        1,
        12,
        1,
        7,
        0,
        12,
        0,
        0,
        0,
        12,
        12,
        12,
        12,
        1,
        1,
        7,
        12,
        12,
        1,
        0,
        12,
        12,
        1,
        0,
        12,
        0,
        0,
        1,
        12,
        12,
        12,
        12,
        12,
        0,
        1,
        12,
        0,
        0,
        12,
        12,
        12,
        1,
        12,
        8,
        12,
        12,
        1,
        0,
        12,
        12,
        12,
        0,
        0,
        1,
        12,
        0,
        4,
        12,
        4,
        12,
        1,
        12,
        9,
        0,
        12,
        12,
        0,
        7,
        1,
        12,
        12,
        12,
        12,
        0,
        12,
        12,
        12,
        0,
        12,
        0,
        12,
        12,
        12,
        12,
        4,
        0,
        0,
        1,
        12,
        7,
        12,
        0,
        12,
        12,
        12,
        0,
        4,
        1,
        0,
        12,
        0,
        1,
        12,
        1,
        0,
        12,
        1,
        0,
        12,
        12,
        12,
        7,
        1,
        12,
        1,
        0,
        12,
        0,
        12,
        0,
        0,
        9,
        12,
        12,
        1,
        1,
        1,
        12,
        0,
        12,
        4,
        12,
        0,
        12,
        7,
        12,
        12,
        12,
        12,
        1,
        9,
        0,
        9,
        0,
        1,
        4,
        3,
        12,
        12,
        12,
        1,
        0,
        1,
        7,
        12,
        12,
        12,
        1,
        12,
        12,
        1,
        12,
        12,
        12,
        12,
        1,
        12,
        12,
        12,
        12,
        12,
        12,
        12,
        1,
        12,
        8,
        9,
        0,
        12,
        4,
        0,
        9,
        9,
        1,
        12,
        12,
        0,
        0,
        12,
        1,
        12,
        12,
        12,
        7,
        4,
        1,
        12,
        4,
        1,
        12,
        1,
        12,
        0,
        0,
        12,
        12,
        12,
        12,
        12,
        12,
        12,
        12,
        12,
        12,
        12,
        12,
        1,
        5,
        0,
        12,
        12,
        12,
        5,
        12,
        7,
        12,
        7,
        12,
        12,
        12,
        12,
        12,
        12,
        12,
        12,
        2,
        0,
        12,
        7,
        12,
        0,
        12,
        1,
        12,
        12,
        12,
        4,
        12,
        12,
        12,
        12,
        12,
        12,
        12,
        12,
        12,
        12,
        9,
        9,
        12,
        12,
        12,
        12,
        0,
        5,
        3,
        12,
        1,
        0,
        12,
        1,
        4,
        4,
        0,
        1,
        1,
        1,
        1,
        7,
        7,
        3,
        7,
        4,
        9,
        5,
        1,
        1,
        1,
        5,
        0,
        1,
        0,
        4,
        6,
        0,
        1,
        12,
        4,
        1,
        9,
        11,
        0,
        1,
        1,
        0,
        0,
        1,
        4,
        1,
        1,
        6,
        0,
        9,
        0,
        0,
        4,
        1,
        9,
        0,
        0,
        0,
        0,
        4,
        12,
        0,
        0,
        9,
        0,
        7,
        1,
        9,
        12,
        12,
        12,
        9,
        8,
        12,
        12,
        12,
        12,
        7,
        9,
        5,
        12,
        9,
        12,
        7,
        12,
        4,
        12,
        9,
        4,
        9,
        3,
        12,
        12,
        12,
        8,
        12,
        12,
        0,
        1,
        12,
        12,
        12,
        3,
        4,
        12,
        9,
        9,
        7,
        1,
        5,
        7,
        5,
        7,
        0,
        0,
        12,
        12,
        7,
        12,
        12,
        12,
        9,
        0,
        1,
        1,
        7,
        11,
        7,
        3,
        7,
        9,
        0,
        12,
        0,
        12,
        4,
        1,
        12,
        9,
        12,
        1,
        12,
        7,
        9,
        3,
        4,
        1,
        9,
        4,
        1,
        12,
        0,
        1,
        1,
        1,
        1,
        4,
        7,
        1,
        0,
        1,
        3,
        12,
        1,
        12,
        1,
        0,
        1,
        9,
        12,
        1,
        7,
        1,
        1,
        12,
        9,
        1,
        0,
        0,
        12,
        12,
        12,
        12,
        7,
        7,
        6,
        0,
        8,
        12,
        12,
        12,
        9,
        9,
        0,
        1,
        1,
        12,
        6,
        12,
        1,
        9,
        0,
        12,
        0,
        0,
        4,
        0,
        1,
        4,
        0,
        1,
        0,
        5,
        4,
        0,
        0,
        1,
        1,
        0,
        12,
        1,
        12,
        0,
        1,
        12,
        0,
        9,
        0,
        1,
        1,
        0,
        12,
        0,
        12,
        0,
        12,
        1,
        1,
        0,
        6,
        9,
        7,
        0,
        1,
        12,
        9,
        0,
        0,
        0,
        0,
        9,
        0,
        12,
        12,
        0,
        12,
        0,
        9,
        1,
        4,
        1,
        7,
        12,
        7,
        12,
        9,
        1,
        1,
        12,
        3,
        1,
        12,
        12,
        5,
        1,
        0,
        0,
        0,
        9,
        9,
        1,
        3,
        1,
        0,
        4,
        0,
        0,
        1,
        12,
        1,
        12,
        0,
        1,
        4,
        0,
        0,
        4,
