{
    "algorithm": "debm_gmm",
    "runtime": 3.805436611175537,
    "N_MCMC": 200,
    "NStartpoints": 10,
    "NIterations": 1000,
    "kendalls_tau": 0.24444444444444444,
    "p_value": 0.38071979717813054,
    "quadratic_weighted_kappa": -0.03085157889074197,
    "mean_absolute_error": 3.52,
    "mean_squared_error": 20.17,
    "root_mean_squared_error": 4.491102314577124,
    "quadratic_weighted_kappa_diseased": -0.03085157889074197,
    "mean_absolute_error_diseased": 3.52,
    "mean_squared_error_diseased": 20.17,
    "root_mean_squared_error_diseased": 4.491102314577124,
    "true_order": {
        "PCC-FCI": 1,
        "P-Tau": 2,
        "MMSE": 3,
        "HIP-GMI": 4,
        "AB": 5,
        "AVLT-Sum": 6,
        "FUS-GMI": 7,
        "FUS-FCI": 8,
        "ADAS": 9,
        "HIP-FCI": 10
    },
    "ml_order": {
        "PCC-FCI": 2,
        "P-Tau": 3,
        "MMSE": 8,
        "HIP-GMI": 5,
        "AB": 10,
        "AVLT-Sum": 1,
        "FUS-GMI": 6,
        "FUS-FCI": 7,
        "ADAS": 9,
        "HIP-FCI": 4
    },
    "ml_order_raw": [
        1,
        2,
        7,
        4,
        9,
        0,
        5,
        6,
        8,
        3
    ],
    "true_stages": [
        0,
        6,
        9,
        3,
        9,
        6,
        8,
        5,
        5,
        8,
        7,
        8,
        7,
        8,
        8,
        8,
        0,
        7,
        8,
        9,
        0,
        0,
        8,
        6,
        8,
        0,
        6,
        6,
        9,
        0,
        8,
        0,
        8,
        6,
        7,
        0,
        0,
        6,
        8,
        8,
        6,
        8,
        0,
        7,
        6,
        7,
        0,
        7,
        0,
        0,
        7,
        7,
        3,
        7,
        8,
        5,
        7,
        7,
        6,
        6,
        7,
        8,
        4,
        7,
        8,
        3,
        0,
        7,
        0,
        8,
        9,
        7,
        0,
        3,
        7,
        8,
        5,
        5,
        7,
        7,
        0,
        7,
        6,
        6,
        9,
        9,
        6,
        6,
        5,
        8,
        7,
        6,
        8,
        5,
        7,
        5,
        7,
        0,
        0,
        8,
        3,
        5,
        5,
        6,
        0,
        0,
        4,
        7,
        0,
        5,
        9,
        8,
        8,
        9,
        5,
        0,
        0,
        6,
        0,
        8,
        0,
        9,
        6,
        0,
        9,
        9,
        5,
        8,
        7,
        9,
        0,
        6,
        8,
        7,
        6,
        7,
        5,
        0,
        7,
        7,
        7,
        9,
        0,
        0,
        0,
        0,
        0,
        9,
        0,
        0,
        8,
        4,
        7,
        8,
        0,
        4,
        4,
        6,
        0,
        5,
        0,
        0,
        0,
        5,
        6,
        0,
        8,
        5,
        0,
        6,
        0,
        7,
        7,
        7,
        5,
        0,
        5,
        8,
        8,
        6,
        6,
        6,
        8,
        9,
        4,
        0,
        0,
        0,
        7,
        7,
        8,
        9,
        5,
        7,
        0,
        5,
        9,
        8,
        0,
        7
    ],
    "ml_stages": [
        8,
        5,
        7,
        8,
        4,
        7,
        8,
        1,
        8,
        8,
        6,
        0,
        5,
        9,
        5,
        1,
        0,
        7,
        0,
        8,
        9,
        6,
        9,
        1,
        5,
        7,
        3,
        7,
        8,
        3,
        1,
        7,
        7,
        4,
        1,
        8,
        8,
        6,
        7,
        5,
        8,
        6,
        9,
        9,
        1,
        7,
        3,
        1,
        1,
        6,
        7,
        5,
        1,
        6,
        5,
        5,
        0,
        1,
        8,
        8,
        7,
        7,
        6,
        7,
        9,
        4,
        1,
        0,
        6,
        9,
        8,
        3,
        8,
        1,
        5,
        9,
        1,
        1,
        7,
        7,
        5,
        6,
        1,
        9,
        7,
        0,
        6,
        9,
        8,
        1,
        3,
        1,
        9,
        8,
        6,
        9,
        5,
        5,
        6,
        0,
        1,
        7,
        1,
        9,
        6,
        3,
        4,
        7,
        4,
        8,
        1,
        8,
        1,
        7,
        0,
        3,
        8,
        1,
        9,
        5,
        8,
        0,
        1,
        7,
        5,
        1,
        8,
        9,
        8,
        0,
        8,
        0,
        7,
        4,
        6,
        6,
        5,
        7,
        8,
        8,
        7,
        8,
        9,
        1,
        7,
        8,
        0,
        8,
        9,
        7,
        5,
        6,
        0,
        8,
        7,
        6,
        7,
        1,
        0,
        8,
        5,
        4,
        1,
        0,
        0,
        8,
        1,
        8,
        8,
        1,
        1,
        3,
        1,
        8,
        6,
        5,
        7,
        8,
        7,
        3,
        4,
        7,
        8,
        9,
        4,
        8,
        4,
        7,
        8,
        7,
        8,
        6,
        0,
        1,
        6,
        8,
        5,
        1,
        8,
        5
    ],
    "true_stages_diseased": [
        0,
        6,
        9,
        3,
        9,
        6,
        8,
        5,
        5,
        8,
        7,
        8,
        7,
        8,
        8,
        8,
        0,
        7,
        8,
        9,
        0,
        0,
        8,
        6,
        8,
        0,
        6,
        6,
        9,
        0,
        8,
        0,
        8,
        6,
        7,
        0,
        0,
        6,
        8,
        8,
        6,
        8,
        0,
        7,
        6,
        7,
        0,
        7,
        0,
        0,
        7,
        7,
        3,
        7,
        8,
        5,
        7,
        7,
        6,
        6,
        7,
        8,
        4,
        7,
        8,
        3,
        0,
        7,
        0,
        8,
        9,
        7,
        0,
        3,
        7,
        8,
        5,
        5,
        7,
        7,
        0,
        7,
        6,
        6,
        9,
        9,
        6,
        6,
        5,
        8,
        7,
        6,
        8,
        5,
        7,
        5,
        7,
        0,
        0,
        8,
        3,
        5,
        5,
        6,
        0,
        0,
        4,
        7,
        0,
        5,
        9,
        8,
        8,
        9,
        5,
        0,
        0,
        6,
        0,
        8,
        0,
        9,
        6,
        0,
        9,
        9,
        5,
        8,
        7,
        9,
        0,
        6,
        8,
        7,
        6,
        7,
        5,
        0,
        7,
        7,
        7,
        9,
        0,
        0,
        0,
        0,
        0,
        9,
        0,
        0,
        8,
        4,
        7,
        8,
        0,
        4,
        4,
        6,
        0,
        5,
        0,
        0,
        0,
        5,
        6,
        0,
        8,
        5,
        0,
        6,
        0,
        7,
        7,
        7,
        5,
        0,
        5,
        8,
        8,
        6,
        6,
        6,
        8,
        9,
        4,
        0,
        0,
        0,
        7,
        7,
        8,
        9,
        5,
        7,
        0,
        5,
        9,
        8,
        0,
        7
    ],