{
    "algorithm": "conjugate_priors",
    "runtime": 52.07337832450867,
    "N_MCMC": 10000,
    "n_shuffle": 2,
    "burn_in": 500,
    "thinning": 1,
    "healthy_ratio": 0.21349862258953167,
    "max_log_likelihood": -54066.04854740604,
    "kendalls_tau": null,
    "p_value": null,
    "mean_absolute_error": null,
    "current_pi": [
        0.2872647018896617,
        0.0011847860904210588,
        0.02769888434947517,
        0.07855786415588915,
        0.003497575866550652,
        0.03456187154333084,
        0.15453308496115983,
        0.020574041802927056,
        0.09392572588297794,
        0.005581829827567936,
        0.02001179915903341,
        0.2726078344710053
    ],
    "updated_pi": [
        0.21349862258953167,
        0.2259340837176265,
        0.0009318358920529264,
        0.021785210693595486,
        0.06178586836503128,
        0.0027508482366397,
        0.027182959574713374,
        0.12154048417744114,
        0.016181512216902685,
        0.07387271278124023,
        0.004390116847853018,
        0.01573930760304143,
        0.2144064373043306
    ],
    "true_order": null,
    "order_with_highest_ll": {
        "ABETA": 4,
        "ADAS13": 7,
        "Entorhinal": 8,
        "Fusiform": 11,
        "Hippocampus": 9,
        "MMSE": 5,
        "MidTemp": 12,
        "PTAU (log)": 3,
        "RAVLT_immediate": 6,
        "TAU (log)": 2,
        "Ventricles": 1,
        "WholeBrain": 10
    },
    "true_stages": null,
    "ml_stages": [
        9,
        0,
        4,
        9,
        1,
        0,
        0,
        7,
        7,
        0,
        12,
        1,
        12,
        0,
        7,
        0,
        7,
        1,
        1,
        1,
        12,
        12,
        12,
        12,
        1,
        1,
        7,
        12,
        12,
        1,
        1,
        1,
        7,
        0,
        0,
        12,
        4,
        0,
        0,
        11,
        12,
        12,
        7,
        7,
        1,
        1,
        9,
        1,
        1,
        4,
        12,
        12,
        1,
        7,
        7,
        9,
        12,
        7,
        0,
        12,
        12,
        9,
        0,
        4,
        0,
        9,
        0,
        1,
        7,
        4,
        9,
        4,
        0,
        7,
        0,
        4,
        9,
        1,
        7,
        0,
        12,
        12,
        11,
        10,
        1,
        12,
        12,
        12,
        1,
        11,
        1,
        7,
        4,
        12,
        3,
        7,
        1,
        1,
        1,
        9,
        1,
        7,
        6,
        12,
        0,
        7,
        0,
        12,
        1,
        1,
        12,
        1,
        0,
        7,
        0,
        1,
        12,
        4,
        0,
        12,
        12,
        1,
        4,
        0,
        7,
        0,
        1,
        12,
        1,
        12,
        1,
        0,
        12,
        12,
        12,
        4,
        1,
        1,
        7,
        1,
        12,
        4,
        12,
        1,
        9,
        4,
        7,
        12,
        1,
        12,
        1,
        12,
        0,
        9,
        0,
        1,
        4,
        4,
        12,
        12,
        12,
        1,
        12,
        0,
        12,
        12,
        9,
        12,
        1,
        8,
        9,
        1,
        1,
        4,
        1,
        12,
        4,
        1,
        12,
        11,
        7,
        9,
        7,
        12,
        1,
        12,
        7,
        12,
        0,
        12,
        4,
        1,
        8,
        8,
        1,
        12,
        12,
        0,
        0,
        12,
        1,
        7,
        12,
        12,
        12,
        4,
        0,
        9,
        6,
        0,
        12,
        0,
        9,
        1,
        1,
        0,
        12,
        1,
        7,
        12,
        9,
        7,
        12,
        12,
        12,
        12,
        7,
        0,
        0,
        0,
        9,
        12,
        7,
        4,
        12,
        8,
        9,
        9,
        12,
        12,
        12,
        7,
        9,
        12,
        7,
        12,
        1,
        1,
        1,
        4,
        12,
        1,
        6,
        0,
        12,
        12,
        12,
        3,
        12,
        7,
        12,
        9,
        1,
        12,
        9,
        12,
        12,
        12,
        1,
        0,
        12,
        12,
        7,
        12,
        0,
        1,
        12,
        8,
        1,
        0,
        1,
        4,
        4,
        4,
        0,
        1,
        1,
        0,
        1,
        7,
        7,
        3,
        7,
        7,
        7,
        5,
        1,
        1,
        3,
        9,
        1,
        0,
        0,
        4,
        12,
        0,
        3,
        12,
        7,
        0,
        1,
        1,
        0,
        12,
        0,
        0,
        0,
        1,
        3,
        1,
        1,
        11,
        1,
        4,
        1,
        0,
        4,
        0,
        7,
        0,
        1,
        4,
        3,
        12,
        7,
        1,
        0,
        3,
        1,
        7,
        1,
        12,
        12,
        12,
        9,
        7,
        8,
        12,
        7,
        12,
        7,
        0,
        7,
        6,
        9,
        9,
        9,
        7,
        12,
        4,
        12,
        7,
        4,
        12,
        0,
        7,
        12,
        12,
        7,
        12,
        12,
        0,
        1,
        12,
        12,
        12,
        3,
        4,
        9,
        12,
        12,
        7,
        1,
        1,
        12,
        6,
        6,
        1,
        0,
        12,
        7,
        8,
        12,
        9,
        7,
        9,
        0,
        1,
        0,
        1,
        12,
        12,
        4,
        7,
        12,
        12,
        9,
        1,
        12,
        3,
        0,
        7,
        9,
        12,
        0,
        9,
        12,
        7,
        7,
        4,
        1,
        7,
        6,
        4,
        12,
        1,
        6,
        0,
        0,
        0,
        4,
        12,
        0,
        0,
        1,
        3,
        7,
        4,
        12,
        0,
        1,
        1,
        12,
        12,
        1,
        7,
        3,
        1,
        12,
        9,
        1,
        1,
        1,
        6,
        7,
        9,
        12,
        1,
        12,
        7,
        0,
        7,
        7,
        12,
        9,
        12,
        12,
        1,
        0,
        1,
        11,
        7,
        12,
        7,
        12,
        3,
        12,
        1,
        0,
        4,
        4,
        0,
        4,
        1,
        1,
        0,
        6,
        1,
        0,
        0,
        0,
        4,
        0,
        7,
        0,
        7,
        0,
        6,
        12,
        0,
        11,
        1,
        0,
        1,
        1,
        7,
        0,
        7,
        0,
        12,
        0,
        0,
        1,
        1,
        12,
        7,
        0,
        1,
        1,
        6,
        0,
        0,
        3,
        1,
        6,
        0,
        9,
        9,
        0,
        7,
        0,
        3,
        1,
        4,
        1,
        12,
        12,
        12,
        12,
        9,
        1,
        1,
        12,
        3,
        0,
        12,
        4,
        4,
        1,
        1,
        1,
        1,
        1,
        7,
        0,
        4,
        0,
        0,
        4,
        1,
        1,
        0,
        12,
        0,
        7,
        1,
        1,
        4,
        0,
        1,
        12,
        3,
        1,
        1,
        4,
        1,
        0,
