Impacted,FUS-FCI,P-Tau,MMSE,AB,HIP-FCI,PCC-FCI
Yes,27.158534751210357,-6.137448987982218,24.49071311761142,147.98863880310734,1.5933898261194006,2.802075083973055
Yes,17.20033369518253,57.88911382925828,24.4343768533796,157.12877811546952,-4.057692097990588,8.838791736271729
Yes,13.994610153278632,62.50634766399423,20.87277300615623,158.1215003895486,6.479191816728207,4.419211723821213
No,3.381845911857876,26.226761359125238,27.04521616949391,275.6414321248958,-2.935283101376388,10.675276847054509
No,9.903829775738766,20.59673571107916,28.966988226914925,242.1072308689374,-2.811653711847281,5.691772292589152
No,9.286050468538564,40.00101435468516,26.532139798396795,343.84707783331856,-3.557948535352466,7.308004293335863
