{
    "algorithm": "conjugate_priors",
    "runtime": 51.6223669052124,
    "N_MCMC": 10000,
    "n_shuffle": 2,
    "burn_in": 500,
    "thinning": 1,
    "healthy_ratio": 0.21349862258953167,
    "max_log_likelihood": -61843.494615957294,
    "kendalls_tau": null,
    "p_value": null,
    "mean_absolute_error": null,
    "current_pi": [
        0.22888857550683003,
        0.023422857734560012,
        0.0053725746066422865,
        0.05213646493869345,
        0.08616648005704643,
        0.011350335434376248,
        0.20658435662715555,
        0.000721530002837908,
        0.0714751124812578,
        0.004796970862218956,
        0.0066838544086400215,
        0.3024008873397412
    ],
    "updated_pi": [
        0.21349862258953167,
        0.1800211799096418,
        0.01842210987112089,
        0.004225537328364663,
        0.04100540148759499,
        0.06777005525147867,
        0.008927054453207765,
        0.16247888103871325,
        0.0005674843410749938,
        0.05621527441707742,
        0.0037728241905330907,
        0.005256860698806408,
        0.23783871442285429
    ],
    "true_order": null,
    "order_with_highest_ll": {
        "ABETA": 5,
        "ADAS13": 4,
        "Entorhinal": 8,
        "Fusiform": 11,
        "Hippocampus": 9,
        "MMSE": 2,
        "MidTemp": 10,
        "PTAU": 6,
        "RAVLT_immediate": 3,
        "TAU": 7,
        "Ventricles": 1,
        "WholeBrain": 12
    },
    "true_stages": null,
    "ml_stages": [
        9,
        4,
        0,
        9,
        0,
        0,
        2,
        5,
        5,
        0,
        12,
        0,
        12,
        1,
        7,
        1,
        7,
        0,
        1,
        0,
        12,
        12,
        12,
        12,
        1,
        1,
        7,
        12,
        12,
        0,
        0,
        1,
        5,
        0,
        0,
        10,
        1,
        1,
        0,
        12,
        12,
        12,
        4,
        9,
        0,
        1,
        9,
        0,
        0,
        7,
        12,
        12,
        0,
        7,
        7,
        12,
        12,
        5,
        0,
        12,
        12,
        7,
        1,
        0,
        0,
        12,
        4,
        1,
        7,
        7,
        9,
        0,
        5,
        7,
        5,
        7,
        7,
        1,
        7,
        0,
        12,
        12,
        9,
        9,
        1,
        12,
        12,
        12,
        1,
        12,
        1,
        7,
        7,
        5,
        2,
        0,
        1,
        1,
        0,
        7,
        4,
        7,
        1,
        12,
        4,
        4,
        2,
        12,
        1,
        1,
        12,
        0,
        1,
        7,
        0,
        1,
        12,
        1,
        1,
        12,
        12,
        4,
        5,
        1,
        5,
        1,
        0,
        12,
        12,
        12,
        1,
        0,
        12,
        12,
        12,
        0,
        0,
        0,
        7,
        0,
        12,
        7,
        12,
        1,
        9,
        7,
        4,
        12,
        1,
        12,
        1,
        7,
        1,
        12,
        1,
        0,
        1,
        1,
        12,
        5,
        2,
        0,
        9,
        0,
        7,
        12,
        5,
        12,
        1,
        12,
        9,
        1,
        3,
        7,
        0,
        12,
        1,
        3,
        12,
        12,
        7,
        12,
        7,
        12,
        0,
        12,
        7,
        12,
        0,
        12,
        12,
        1,
        7,
        7,
        0,
        12,
        12,
        1,
        0,
        12,
        0,
        5,
        12,
        12,
        12,
        7,
        4,
        9,
        7,
        1,
        12,
        1,
        9,
        1,
        0,
        7,
        12,
        5,
        5,
        11,
        9,
        4,
        12,
        12,
        12,
        12,
        4,
        0,
        5,
        0,
        12,
        12,
        7,
        7,
        12,
        7,
        9,
        12,
        12,
        12,
        11,
        7,
        9,
        12,
        5,
        12,
        1,
        7,
        12,
        7,
        12,
        1,
        7,
        0,
        12,
        12,
        12,
        7,
        12,
        7,
        12,
        9,
        4,
        12,
        9,
        12,
        7,
        12,
        4,
        9,
        12,
        12,
        5,
        12,
        0,
        0,
        12,
        7,
        1,
        0,
        5,
        1,
        7,
        7,
        1,
        1,
        0,
        1,
        0,
        7,
        7,
        0,
        7,
        7,
        7,
        3,
        0,
        0,
        1,
        5,
        1,
        0,
        1,
        7,
        12,
        4,
        7,
        12,
        7,
        0,
        4,
        5,
        0,
        12,
        3,
        0,
        1,
        0,
        7,
        0,
        5,
        12,
        0,
        1,
        0,
        1,
        9,
        0,
        7,
        0,
        1,
        0,
        0,
        12,
        7,
        1,
        1,
        9,
        0,
        4,
        0,
        12,
        12,
        11,
        12,
        7,
        5,
        12,
        4,
        12,
        9,
        5,
        7,
        7,
        9,
        12,
        9,
        7,
        12,
        12,
        12,
        7,
        7,
        12,
        1,
        5,
        11,
        12,
        7,
        12,
        12,
        0,
        2,
        12,
        12,
        12,
        7,
        7,
        9,
        12,
        12,
        5,
        5,
        2,
        12,
        7,
        7,
        5,
        0,
        9,
        5,
        5,
        12,
        9,
        4,
        9,
        1,
        0,
        0,
        4,
        12,
        12,
        7,
        7,
        12,
        12,
        9,
        0,
        12,
        7,
        1,
        7,
        7,
        12,
        0,
        7,
        12,
        7,
        7,
        7,
        1,
        7,
        7,
        0,
        12,
        0,
        5,
        0,
        1,
        0,
        7,
        12,
        0,
        0,
        1,
        12,
        12,
        1,
        12,
        1,
        0,
        4,
        12,
        12,
        0,
        7,
        0,
        0,
        12,
        5,
        1,
        5,
        0,
        7,
        5,
        9,
        12,
        5,
        12,
        7,
        4,
        5,
        5,
        12,
        9,
        12,
        9,
        0,
        0,
        1,
        7,
        5,
        12,
        7,
        12,
        5,
        12,
        1,
        1,
        12,
        0,
        1,
        0,
        1,
        1,
        0,
        4,
        1,
        0,
        0,
        0,
        0,
        1,
        7,
        1,
        5,
        0,
        12,
        12,
        1,
        9,
        0,
        5,
        1,
        0,
        7,
        1,
        7,
        0,
        12,
        0,
        1,
        1,
        5,
        12,
        7,
        0,
        0,
        5,
        7,
        4,
        0,
        0,
        0,
        5,
        0,
        12,
        9,
        1,
        7,
        0,
        9,
        0,
        7,
        0,
        9,
        12,
        12,
        12,
        7,
        0,
        1,
        12,
        7,
        0,
        12,
        7,
        0,
        0,
        0,
        0,
        0,
        5,
        4,
        1,
        7,
        2,
        0,
        7,
        1,
        4,
        0,
        12,
        0,
        5,
        2,
        5,
        1,
        0,
        1,
        12,
        7,
        0,
        1,
        7,
        1,
        0,
