{
    "algorithm": "debm",
    "runtime": 2.5718095302581787,
    "N_MCMC": null,
    "NStartpoints": null,
    "NIterations": null,
    "kendalls_tau": 0.022222222222222223,
    "p_value": 1.0,
    "quadratic_weighted_kappa": -0.05101332759074495,
    "mean_absolute_error": 3.71,
    "mean_squared_error": 22.79,
    "root_mean_squared_error": 4.773887304912004,
    "quadratic_weighted_kappa_diseased": -0.05101332759074495,
    "mean_absolute_error_diseased": 3.71,
    "mean_squared_error_diseased": 22.79,
    "root_mean_squared_error_diseased": 4.773887304912004,
    "true_order": {
        "PCC-FCI": 1,
        "P-Tau": 2,
        "MMSE": 3,
        "HIP-GMI": 4,
        "AB": 5,
        "AVLT-Sum": 6,
        "FUS-GMI": 7,
        "FUS-FCI": 8,
        "ADAS": 9,
        "HIP-FCI": 10
    },
    "ml_order": {
        "PCC-FCI": 3,
        "P-Tau": 8,
        "MMSE": 5,
        "HIP-GMI": 10,
        "AB": 2,
        "AVLT-Sum": 6,
        "FUS-GMI": 1,
        "FUS-FCI": 7,
        "ADAS": 9,
        "HIP-FCI": 4
    },
    "ml_order_raw": [
        2,
        7,
        4,
        9,
        1,
        5,
        0,
        6,
        8,
        3
    ],
    "true_stages": [
        0,
        6,
        9,
        3,
        9,
        6,
        8,
        5,
        5,
        8,
        7,
        8,
        7,
        8,
        8,
        8,
        0,
        7,
        8,
        9,
        0,
        0,
        8,
        6,
        8,
        0,
        6,
        6,
        9,
        0,
        8,
        0,
        8,
        6,
        7,
        0,
        0,
        6,
        8,
        8,
        6,
        8,
        0,
        7,
        6,
        7,
        0,
        7,
        0,
        0,
        7,
        7,
        3,
        7,
        8,
        5,
        7,
        7,
        6,
        6,
        7,
        8,
        4,
        7,
        8,
        3,
        0,
        7,
        0,
        8,
        9,
        7,
        0,
        3,
        7,
        8,
        5,
        5,
        7,
        7,
        0,
        7,
        6,
        6,
        9,
        9,
        6,
        6,
        5,
        8,
        7,
        6,
        8,
        5,
        7,
        5,
        7,
        0,
        0,
        8,
        3,
        5,
        5,
        6,
        0,
        0,
        4,
        7,
        0,
        5,
        9,
        8,
        8,
        9,
        5,
        0,
        0,
        6,
        0,
        8,
        0,
        9,
        6,
        0,
        9,
        9,
        5,
        8,
        7,
        9,
        0,
        6,
        8,
        7,
        6,
        7,
        5,
        0,
        7,
        7,
        7,
        9,
        0,
        0,
        0,
        0,
        0,
        9,
        0,
        0,
        8,
        4,
        7,
        8,
        0,
        4,
        4,
        6,
        0,
        5,
        0,
        0,
        0,
        5,
        6,
        0,
        8,
        5,
        0,
        6,
        0,
        7,
        7,
        7,
        5,
        0,
        5,
        8,
        8,
        6,
        6,
        6,
        8,
        9,
        4,
        0,
        0,
        0,
        7,
        7,
        8,
        9,
        5,
        7,
        0,
        5,
        9,
        8,
        0,
        7
    ],
    "ml_stages": [
        8,
        6,
        7,
        8,
        3,
        7,
        8,
        0,
        8,
        8,
        7,
        0,
        4,
        9,
        5,
        0,
        0,
        7,
        0,
        8,
        9,
        7,
        9,
        0,
        5,
        7,
        2,
        7,
        8,
        2,
        0,
        7,
        7,
        8,
        0,
        8,
        8,
        5,
        7,
        4,
        8,
        4,
        9,
        9,
        0,
        7,
        2,
        0,
        0,
        8,
        6,
        5,
        0,
        7,
        4,
        6,
        0,
        0,
        8,
        8,
        7,
        7,
        5,
        7,
        9,
        3,
        0,
        0,
        7,
        9,
        8,
        2,
        8,
        0,
        6,
        9,
        0,
        0,
        6,
        7,
        5,
        8,
        0,
        9,
        7,
        0,
        3,
        9,
        8,
        0,
        2,
        0,
        9,
        8,
        5,
        9,
        6,
        6,
        8,
        0,
        0,
        7,
        0,
        9,
        7,
        6,
        3,
        7,
        3,
        8,
        0,
        8,
        0,
        7,
        0,
        2,
        8,
        0,
        9,
        5,
        8,
        0,
        0,
        6,
        6,
        0,
        8,
        9,
        8,
        0,
        8,
        0,
        7,
        3,
        7,
        7,
        6,
        7,
        8,
        8,
        7,
        8,
        9,
        0,
        7,
        8,
        0,
        8,
        9,
        7,
        6,
        5,
        0,
        8,
        7,
        5,
        6,
        0,
        0,
        8,
        6,
        6,
        0,
        0,
        0,
        8,
        0,
        8,
        8,
        0,
        0,
        2,
        0,
        8,
        5,
        5,
        7,
        8,
        7,
        2,
        5,
        6,
        8,
        9,
        3,
        8,
        3,
        7,
        8,
        6,
        8,
        8,
        0,
        0,
        8,
        8,
        6,
        0,
        8,
        6
    ],
    "true_stages_diseased": [
        0,
        6,
        9,
        3,
        9,
        6,
        8,
        5,
        5,
        8,
        7,
        8,
        7,
        8,
        8,
        8,
        0,
        7,
        8,
        9,
        0,
        0,
        8,
        6,
        8,
        0,
        6,
        6,
        9,
        0,
        8,
        0,
        8,
        6,
        7,
        0,
        0,
        6,
        8,
        8,
        6,
        8,
        0,
        7,
        6,
        7,
        0,
        7,
        0,
        0,
        7,
        7,
        3,
        7,
        8,
        5,
        7,
        7,
        6,
        6,
        7,
        8,
        4,
        7,
        8,
        3,
        0,
        7,
        0,
        8,
        9,
        7,
        0,
        3,
        7,
        8,
        5,
        5,
        7,
        7,
        0,
        7,
        6,
        6,
        9,
        9,
        6,
        6,
        5,
        8,
        7,
        6,
        8,
        5,
        7,
        5,
        7,
        0,
        0,
        8,
        3,
        5,
        5,
        6,
        0,
        0,
        4,
        7,
        0,
        5,
        9,
        8,
        8,
        9,
        5,
        0,
        0,
        6,
        0,
        8,
        0,
        9,
        6,
        0,
        9,
        9,
        5,
        8,
        7,
        9,
        0,
        6,
        8,
        7,
        6,
        7,
        5,
        0,
        7,
        7,
        7,
        9,
        0,
        0,
        0,
        0,
        0,
        9,
        0,
        0,
        8,
        4,
        7,
        8,
        0,
        4,
        4,
        6,
        0,
        5,
        0,
        0,
        0,
        5,
        6,
        0,
        8,
        5,
        0,
        6,
        0,
        7,
        7,
        7,
        5,
        0,
        5,
        8,
        8,
        6,
        6,
        6,
        8,
        9,
        4,
        0,
        0,
        0,
        7,
        7,
        8,
        9,
        5,
        7,
        0,
        5,
        9,
        8,
        0,
        7
    ],